Área de Conhecimento;Disciplina;Tópico;Subtópico
Linguagem, Códigos e suas Tecnologias;;Estudo do texto: sequęncias discursivas e gęneros textuais no sistema de comunicaçăo e informaçăo;Modos de organizaçăo da composiçăo textual
Linguagem, Códigos e suas Tecnologias;;Estudo do texto: sequęncias discursivas e gęneros textuais no sistema de comunicaçăo e informaçăo;Atividades de produçăo escrita e de leitura de textos gerados nas diferentes esferas sociais — públicas e privadas
Linguagem, Códigos e suas Tecnologias;;Estudo das práticas corporais: a linguagem corporal como integradora social e formadora de identidade;Performance corporal e identidades juvenis
Linguagem, Códigos e suas Tecnologias;;Estudo das práticas corporais: a linguagem corporal como integradora social e formadora de identidade;Possibilidades de vivęncia crítica e emancipada do lazer
Linguagem, Códigos e suas Tecnologias;;Estudo das práticas corporais: a linguagem corporal como integradora social e formadora de identidade;Mitos e verdades sobre os corpos masculino e feminino na sociedade atual
Linguagem, Códigos e suas Tecnologias;;Estudo das práticas corporais: a linguagem corporal como integradora social e formadora de identidade;Exercício físico e saúde
Linguagem, Códigos e suas Tecnologias;;Estudo das práticas corporais: a linguagem corporal como integradora social e formadora de identidade;Corpo e expressăo artística e cultural
Linguagem, Códigos e suas Tecnologias;;Estudo das práticas corporais: a linguagem corporal como integradora social e formadora de identidade;O corpo no mundo dos símbolos e como produçăo da cultura
Linguagem, Códigos e suas Tecnologias;;Estudo das práticas corporais: a linguagem corporal como integradora social e formadora de identidade;Práticas corporais e autonomia
Linguagem, Códigos e suas Tecnologias;;Estudo das práticas corporais: a linguagem corporal como integradora social e formadora de identidade;Condicionamentos e esforços físicos
Linguagem, Códigos e suas Tecnologias;;Estudo das práticas corporais: a linguagem corporal como integradora social e formadora de identidade;O esporte
Linguagem, Códigos e suas Tecnologias;;Estudo das práticas corporais: a linguagem corporal como integradora social e formadora de identidade;A dança
Linguagem, Códigos e suas Tecnologias;;Estudo das práticas corporais: a linguagem corporal como integradora social e formadora de identidade;As lutas
Linguagem, Códigos e suas Tecnologias;;Estudo das práticas corporais: a linguagem corporal como integradora social e formadora de identidade;Os jogos
Linguagem, Códigos e suas Tecnologias;;Estudo das práticas corporais: a linguagem corporal como integradora social e formadora de identidade;As brincadeiras
Linguagem, Códigos e suas Tecnologias;;Produçăo e recepçăo de textos artísticos: interpretaçăo e representaçăo do mundo para o fortalecimento dos processos de identidade e cidadania;Artes Visuais: estrutura morfológica, sintática, o contexto da obra artística, o contexto da comunidade
Linguagem, Códigos e suas Tecnologias;;Produçăo e recepçăo de textos artísticos: interpretaçăo e representaçăo do mundo para o fortalecimento dos processos de identidade e cidadania;Teatro: estrutura morfológica, sintática, o contexto da obra artística, o contexto da comunidade, as fontes de criaçăo
Linguagem, Códigos e suas Tecnologias;;Produçăo e recepçăo de textos artísticos: interpretaçăo e representaçăo do mundo para o fortalecimento dos processos de identidade e cidadania;Música: estrutura morfológica, sintática, o contexto da obra artística, o contexto da comunidade, as fontes de criaçăo
Linguagem, Códigos e suas Tecnologias;;Produçăo e recepçăo de textos artísticos: interpretaçăo e representaçăo do mundo para o fortalecimento dos processos de identidade e cidadania;Dança: estrutura morfológica, sintática, o contexto da obra artística, o contexto da comunidade, as fontes de criaçăo
Linguagem, Códigos e suas Tecnologias;;Produçăo e recepçăo de textos artísticos: interpretaçăo e representaçăo do mundo para o fortalecimento dos processos de identidade e cidadania;Conteúdos estruturantes das linguagens artísticas (Artes Visuais, Dança, Música, Teatro), elaborados a partir de suas estruturas morfológicas e sintáticas
Linguagem, Códigos e suas Tecnologias;;Produçăo e recepçăo de textos artísticos: interpretaçăo e representaçăo do mundo para o fortalecimento dos processos de identidade e cidadania;Inclusăo, diversidade e multiculturalidade: a valorizaçăo da pluralidade expressada nas produçőes estéticas e artísticas das minorias sociais e das pessoas com deficięncia
Linguagem, Códigos e suas Tecnologias;;Estudo do texto literário: relaçőes entre produçăo literária e processo social, concepçőes artísticas, procedimentos de construçăo e recepçăo de textos;Produçăo literária e processo social
Linguagem, Códigos e suas Tecnologias;;Estudo do texto literário: relaçőes entre produçăo literária e processo social, concepçőes artísticas, procedimentos de construçăo e recepçăo de textos;Processos de formaçăo literária e de formaçăo nacional
Linguagem, Códigos e suas Tecnologias;;Estudo do texto literário: relaçőes entre produçăo literária e processo social, concepçőes artísticas, procedimentos de construçăo e recepçăo de textos;Produçăo de textos literários, sua recepçăo e a constituiçăo do patrimônio literário nacional
Linguagem, Códigos e suas Tecnologias;;Estudo do texto literário: relaçőes entre produçăo literária e processo social, concepçőes artísticas, procedimentos de construçăo e recepçăo de textos;Relaçőes entre a dialética cosmopolitismo/localismo e a produçăo literária nacional
Linguagem, Códigos e suas Tecnologias;;Estudo do texto literário: relaçőes entre produçăo literária e processo social, concepçőes artísticas, procedimentos de construçăo e recepçăo de textos;Elementos de continuidade e ruptura entre os diversos momentos da literatura brasileira
Linguagem, Códigos e suas Tecnologias;;Estudo do texto literário: relaçőes entre produçăo literária e processo social, concepçőes artísticas, procedimentos de construçăo e recepçăo de textos;Associaçőes entre concepçőes artísticas e procedimentos de construçăo do texto literário em seus gęneros (épico/narrativo, lírico e dramático) e formas diversas
Linguagem, Códigos e suas Tecnologias;;Estudo do texto literário: relaçőes entre produçăo literária e processo social, concepçőes artísticas, procedimentos de construçăo e recepçăo de textos;Articulaçőes entre os recursos expressivos e estruturais do texto literário e o processo social relacionado ao momento de sua produçăo
Linguagem, Códigos e suas Tecnologias;;Estudo do texto literário: relaçőes entre produçăo literária e processo social, concepçőes artísticas, procedimentos de construçăo e recepçăo de textos;Representaçăo literária: natureza, funçăo, organizaçăo e estrutura do texto literário
Linguagem, Códigos e suas Tecnologias;;Estudo do texto literário: relaçőes entre produçăo literária e processo social, concepçőes artísticas, procedimentos de construçăo e recepçăo de textos;Relaçőes entre literatura, outras artes e outros saberes
Linguagem, Códigos e suas Tecnologias;;Estudo dos aspectos linguísticos em diferentes textos: recursos expressivos da língua, procedimentos de construçăo e recepçăo de textos;Organizaçăo da macroestrutura semântica e a articulaçăo entre ideias e proposiçőes (relaçőes lógico-semânticas)
Linguagem, Códigos e suas Tecnologias;;Estudo do texto argumentativo, seus gęneros e recursos linguísticos: argumentaçăo — tipo, gęneros e usos em língua portuguesa;Formas de apresentaçăo de diferentes pontos de vista
Linguagem, Códigos e suas Tecnologias;;Estudo do texto argumentativo, seus gęneros e recursos linguísticos: argumentaçăo — tipo, gęneros e usos em língua portuguesa;Organizaçăo e progressăo textual
Linguagem, Códigos e suas Tecnologias;;Estudo do texto argumentativo, seus gęneros e recursos linguísticos: argumentaçăo — tipo, gęneros e usos em língua portuguesa;Papéis sociais e comunicativos dos interlocutores, relaçăo entre usos e propósitos comunicativos, funçăo sociocomunicativa do gęnero, aspectos da dimensăo espaçotemporal em que se produz o texto
Linguagem, Códigos e suas Tecnologias;;Estudo dos aspectos linguísticos da língua portuguesa: usos da língua — norma culta e variaçăo linguística;Uso dos recursos linguísticos em relaçăo ao contexto em que o texto é constituído: elementos de referęncia pessoal, temporal, espacial, registro linguístico, grau de formalidade, seleçăo lexical, tempos e modos verbais
Linguagem, Códigos e suas Tecnologias;;Estudo dos aspectos linguísticos da língua portuguesa: usos da língua — norma culta e variaçăo linguística;Uso dos recursos linguísticos em processo de coesăo textual: elementos de articulaçăo das sequęncias dos textos ou ŕ construçăo da microestrutura do texto
Linguagem, Códigos e suas Tecnologias;;Estudo dos gęneros digitais: tecnologia da comunicaçăo e informaçăo — impacto e funçăo social;Texto literário típico da cultura de massa: o suporte textual em gęneros digitais
Linguagem, Códigos e suas Tecnologias;;Estudo dos gęneros digitais: tecnologia da comunicaçăo e informaçăo — impacto e funçăo social;Caracterizaçăo dos interlocutores na comunicaçăo tecnológica
Linguagem, Códigos e suas Tecnologias;;Estudo dos gęneros digitais: tecnologia da comunicaçăo e informaçăo — impacto e funçăo social;Recursos linguísticos e os gęneros digitais
Linguagem, Códigos e suas Tecnologias;;Estudo dos gęneros digitais: tecnologia da comunicaçăo e informaçăo — impacto e funçăo social;Funçăo social das novas tecnologias
Matemática e suas Tecnologias;;Conhecimentos numéricos;Operaçőes em conjuntos numéricos (naturais, inteiros, racionais e reais)
Matemática e suas Tecnologias;;Conhecimentos numéricos;Desigualdades, divisibilidade, fatoraçăo, razőes e proporçőes, porcentagem e juros
Matemática e suas Tecnologias;;Conhecimentos numéricos;Relaçőes de dependęncia entre grandezas, sequęncias e progressőes, princípios de contagem
Matemática e suas Tecnologias;;Conhecimentos geométricos;Características das figuras geométricas planas e espaciais
Matemática e suas Tecnologias;;Conhecimentos geométricos;Grandezas, unidades de medida e escalas
Matemática e suas Tecnologias;;Conhecimentos geométricos;Comprimentos, áreas e volumes
Matemática e suas Tecnologias;;Conhecimentos geométricos;Ângulos
Matemática e suas Tecnologias;;Conhecimentos geométricos;Posiçőes de retas
Matemática e suas Tecnologias;;Conhecimentos geométricos;Simetrias de figuras planas ou espaciais
Matemática e suas Tecnologias;;Conhecimentos geométricos;Congruęncia e semelhança de triângulos
Matemática e suas Tecnologias;;Conhecimentos geométricos;Teorema de Tales
Matemática e suas Tecnologias;;Conhecimentos geométricos;Relaçőes métricas nos triângulos
Matemática e suas Tecnologias;;Conhecimentos geométricos;Circunferęncias
Matemática e suas Tecnologias;;Conhecimentos geométricos;Trigonometria do ângulo agudo
Matemática e suas Tecnologias;;Conhecimentos de estatística e probabilidade;Representaçăo e análise de dados
Matemática e suas Tecnologias;;Conhecimentos de estatística e probabilidade;Medidas de tendęncia central (médias, moda e mediana)
Matemática e suas Tecnologias;;Conhecimentos de estatística e probabilidade;Desvios e variância
Matemática e suas Tecnologias;;Conhecimentos de estatística e probabilidade;Noçőes de probabilidade
Matemática e suas Tecnologias;;Conhecimentos algébricos;Gráficos e funçőes
Matemática e suas Tecnologias;;Conhecimentos algébricos;Funçőes algébricas do 1ş e do 2ş graus, polinomiais, racionais, exponenciais e logarítmicas
Matemática e suas Tecnologias;;Conhecimentos algébricos;Equaçőes e inequaçőes
Matemática e suas Tecnologias;;Conhecimentos algébricos;Relaçőes no ciclo trigonométrico e funçőes trigonométricas
Matemática e suas Tecnologias;;Conhecimentos algébricos/geométricos;Plano cartesiano
Matemática e suas Tecnologias;;Conhecimentos algébricos/geométricos;Retas
Matemática e suas Tecnologias;;Conhecimentos algébricos/geométricos;Circunferęncias
Matemática e suas Tecnologias;;Conhecimentos algébricos/geométricos;Paralelismo e perpendicularidade, sistemas de equaçőes
Cięncias da Natureza e suas Tecnologias;Física;Conhecimentos básicos e fundamentais;Noçőes de ordem de grandeza
Cięncias da Natureza e suas Tecnologias;Física;Conhecimentos básicos e fundamentais;Notaçăo Científica
Cięncias da Natureza e suas Tecnologias;Física;Conhecimentos básicos e fundamentais;Sistema Internacional de Unidades
Cięncias da Natureza e suas Tecnologias;Física;Conhecimentos básicos e fundamentais;Metodologia de investigaçăo: a procura de regularidades e de sinais na interpretaçăo física do mundo
Cięncias da Natureza e suas Tecnologias;Física;Conhecimentos básicos e fundamentais;Observaçőes e mensuraçőes: representaçăo de grandezas físicas como grandezas mensuráveis
Cięncias da Natureza e suas Tecnologias;Física;Conhecimentos básicos e fundamentais;Ferramentas básicas: gráficos e vetores
Cięncias da Natureza e suas Tecnologias;Física;Conhecimentos básicos e fundamentais;Conceituaçăo de grandezas vetoriais e escalares
Cięncias da Natureza e suas Tecnologias;Física;Conhecimentos básicos e fundamentais;Operaçőes básicas com vetores
Cięncias da Natureza e suas Tecnologias;Física;O movimento, o equilíbrio e a descoberta de leis físicas;Grandezas fundamentais da mecânica: tempo, espaço, velocidade e aceleraçăo
Cięncias da Natureza e suas Tecnologias;Física;O movimento, o equilíbrio e a descoberta de leis físicas;Relaçăo histórica entre força e movimento
Cięncias da Natureza e suas Tecnologias;Física;O movimento, o equilíbrio e a descoberta de leis físicas;Descriçőes do movimento e sua interpretaçăo: quantificaçăo do movimento e sua descriçăo matemática e gráfica
Cięncias da Natureza e suas Tecnologias;Física;O movimento, o equilíbrio e a descoberta de leis físicas;Casos especiais de movimentos e suas regularidades observáveis
Cięncias da Natureza e suas Tecnologias;Física;O movimento, o equilíbrio e a descoberta de leis físicas;Conceito de inércia
Cięncias da Natureza e suas Tecnologias;Física;O movimento, o equilíbrio e a descoberta de leis físicas;Noçăo de sistemas de referęncia inerciais e năo inerciais
Cięncias da Natureza e suas Tecnologias;Física;O movimento, o equilíbrio e a descoberta de leis físicas;Noçăo dinâmica de massa e quantidade de movimento (momento linear)
Cięncias da Natureza e suas Tecnologias;Física;O movimento, o equilíbrio e a descoberta de leis físicas;Força e variaçăo da quantidade de movimento
Cięncias da Natureza e suas Tecnologias;Física;O movimento, o equilíbrio e a descoberta de leis físicas;Leis de Newton
Cięncias da Natureza e suas Tecnologias;Física;O movimento, o equilíbrio e a descoberta de leis físicas;Centro de massa e a ideia de ponto material
Cięncias da Natureza e suas Tecnologias;Física;O movimento, o equilíbrio e a descoberta de leis físicas;Conceito de forças externas e internas
Cięncias da Natureza e suas Tecnologias;Física;O movimento, o equilíbrio e a descoberta de leis físicas;Lei da conservaçăo da quantidade de movimento (momento linear) e teorema do impulso
Cięncias da Natureza e suas Tecnologias;Física;O movimento, o equilíbrio e a descoberta de leis físicas;Momento de uma força (torque)
Cięncias da Natureza e suas Tecnologias;Física;O movimento, o equilíbrio e a descoberta de leis físicas;Condiçőes de equilíbrio estático de ponto material e de corpos rígidos
Cięncias da Natureza e suas Tecnologias;Física;O movimento, o equilíbrio e a descoberta de leis físicas;Força de atrito, força peso, força normal de contato e traçăo
Cięncias da Natureza e suas Tecnologias;Física;O movimento, o equilíbrio e a descoberta de leis físicas;Diagramas de forças
Cięncias da Natureza e suas Tecnologias;Física;O movimento, o equilíbrio e a descoberta de leis físicas;Identificaçăo das forças que atuam nos movimentos circulares
Cięncias da Natureza e suas Tecnologias;Física;O movimento, o equilíbrio e a descoberta de leis físicas;Noçăo de força centrípeta e sua quantificaçăo
Cięncias da Natureza e suas Tecnologias;Física;O movimento, o equilíbrio e a descoberta de leis físicas;A hidrostática: aspectos históricos e variáveis relevantes
Cięncias da Natureza e suas Tecnologias;Física;O movimento, o equilíbrio e a descoberta de leis físicas;Empuxo
Cięncias da Natureza e suas Tecnologias;Física;O movimento, o equilíbrio e a descoberta de leis físicas;Princípios de Pascal, Arquimedes e Stevin: condiçőes de flutuaçăo, relaçăo entre diferença de nível e pressăo hidrostática
Cięncias da Natureza e suas Tecnologias;Física;Energia, trabalho e potęncia;Conceituaçăo de trabalho, energia e potęncia
Cięncias da Natureza e suas Tecnologias;Física;Energia, trabalho e potęncia;Conceito de energia potencial e de energia cinética
Cięncias da Natureza e suas Tecnologias;Física;Energia, trabalho e potęncia;Conservaçăo de energia mecânica e dissipaçăo de energia
Cięncias da Natureza e suas Tecnologias;Física;Energia, trabalho e potęncia;Trabalho da força gravitacional e energia potencial gravitacional
Cięncias da Natureza e suas Tecnologias;Física;Energia, trabalho e potęncia;Forças conservativas e dissipativas
Cięncias da Natureza e suas Tecnologias;Física;A Mecânica e o funcionamento do Universo;Força peso
Cięncias da Natureza e suas Tecnologias;Física;A Mecânica e o funcionamento do Universo;Aceleraçăo gravitacional
Cięncias da Natureza e suas Tecnologias;Física;A Mecânica e o funcionamento do Universo;Lei da Gravitaçăo Universal
Cięncias da Natureza e suas Tecnologias;Física;A Mecânica e o funcionamento do Universo;Leis de Kepler
Cięncias da Natureza e suas Tecnologias;Física;A Mecânica e o funcionamento do Universo;Movimentos de corpos celestes
Cięncias da Natureza e suas Tecnologias;Física;A Mecânica e o funcionamento do Universo;Influęncia na Terra: marés e variaçőes climáticas
Cięncias da Natureza e suas Tecnologias;Física;A Mecânica e o funcionamento do Universo;Concepçőes históricas sobre a origem do universo e sua evoluçăo
Cięncias da Natureza e suas Tecnologias;Física;Fenômenos Elétricos e Magnéticos;Carga elétrica e corrente elétrica
Cięncias da Natureza e suas Tecnologias;Física;Fenômenos Elétricos e Magnéticos;Lei de Coulomb
Cięncias da Natureza e suas Tecnologias;Física;Fenômenos Elétricos e Magnéticos;Campo elétrico e potencial elétrico
Cięncias da Natureza e suas Tecnologias;Física;Fenômenos Elétricos e Magnéticos;Linhas de campo
Cięncias da Natureza e suas Tecnologias;Física;Fenômenos Elétricos e Magnéticos;Superfícies equipotenciais
Cięncias da Natureza e suas Tecnologias;Física;Fenômenos Elétricos e Magnéticos;Poder das pontas
Cięncias da Natureza e suas Tecnologias;Física;Fenômenos Elétricos e Magnéticos;Blindagem
Cięncias da Natureza e suas Tecnologias;Física;Fenômenos Elétricos e Magnéticos;Capacitores
Cięncias da Natureza e suas Tecnologias;Física;Fenômenos Elétricos e Magnéticos;Efeito Joule
Cięncias da Natureza e suas Tecnologias;Física;Fenômenos Elétricos e Magnéticos;Lei de Ohm
Cięncias da Natureza e suas Tecnologias;Física;Fenômenos Elétricos e Magnéticos;Resistęncia elétrica e resistividade
Cięncias da Natureza e suas Tecnologias;Física;Fenômenos Elétricos e Magnéticos;Relaçőes entre grandezas elétricas: tensăo, corrente, potęncia e energia
Cięncias da Natureza e suas Tecnologias;Física;Fenômenos Elétricos e Magnéticos;Circuitos elétricos simples
Cięncias da Natureza e suas Tecnologias;Física;Fenômenos Elétricos e Magnéticos;Correntes contínua e alternada
Cięncias da Natureza e suas Tecnologias;Física;Fenômenos Elétricos e Magnéticos;Medidores elétricos
Cięncias da Natureza e suas Tecnologias;Física;Fenômenos Elétricos e Magnéticos;Representaçăo gráfica de circuitos
Cięncias da Natureza e suas Tecnologias;Física;Fenômenos Elétricos e Magnéticos;Símbolos convencionais
Cięncias da Natureza e suas Tecnologias;Física;Fenômenos Elétricos e Magnéticos;Potęncia e consumo de energia em dispositivos elétricos
Cięncias da Natureza e suas Tecnologias;Física;Fenômenos Elétricos e Magnéticos;Campo magnético
Cięncias da Natureza e suas Tecnologias;Física;Fenômenos Elétricos e Magnéticos;Imăs permanentes
Cięncias da Natureza e suas Tecnologias;Física;Fenômenos Elétricos e Magnéticos;Linhas de campo magnético
Cięncias da Natureza e suas Tecnologias;Física;Fenômenos Elétricos e Magnéticos;Campo magnético terrestre
Cięncias da Natureza e suas Tecnologias;Física;Oscilaçőes, ondas, óptica e radiaçăo;Feixes e frentes de ondas
Cięncias da Natureza e suas Tecnologias;Física;Oscilaçőes, ondas, óptica e radiaçăo;Reflexăo e refraçăo
Cięncias da Natureza e suas Tecnologias;Física;Oscilaçőes, ondas, óptica e radiaçăo;Óptica geométrica: lentes e espelhos
Cięncias da Natureza e suas Tecnologias;Física;Oscilaçőes, ondas, óptica e radiaçăo;Formaçăo de imagens
Cięncias da Natureza e suas Tecnologias;Física;Oscilaçőes, ondas, óptica e radiaçăo;Instrumentos ópticos simples
Cięncias da Natureza e suas Tecnologias;Física;Oscilaçőes, ondas, óptica e radiaçăo;Fenômenos ondulatórios
Cięncias da Natureza e suas Tecnologias;Física;Oscilaçőes, ondas, óptica e radiaçăo;Pulsos e ondas
Cięncias da Natureza e suas Tecnologias;Física;Oscilaçőes, ondas, óptica e radiaçăo;Período, frequęncia, ciclo
Cięncias da Natureza e suas Tecnologias;Física;Oscilaçőes, ondas, óptica e radiaçăo;Propagaçăo: relaçăo entre velocidade, frequęncia e comprimento de onda
Cięncias da Natureza e suas Tecnologias;Física;Oscilaçőes, ondas, óptica e radiaçăo;Ondas em diferentes meios de propagaçăo
Cięncias da Natureza e suas Tecnologias;Física;O calor e os fenômenos térmicos;Conceitos de calor e de temperatura
Cięncias da Natureza e suas Tecnologias;Física;O calor e os fenômenos térmicos;Escalas termométricas
Cięncias da Natureza e suas Tecnologias;Física;O calor e os fenômenos térmicos;Transferęncia de calor e equilíbrio térmico
Cięncias da Natureza e suas Tecnologias;Física;O calor e os fenômenos térmicos;Capacidade calorífica e calor específico
Cięncias da Natureza e suas Tecnologias;Física;O calor e os fenômenos térmicos;Conduçăo do calor
Cięncias da Natureza e suas Tecnologias;Física;O calor e os fenômenos térmicos;Dilataçăo térmica
Cięncias da Natureza e suas Tecnologias;Física;O calor e os fenômenos térmicos;Mudanças de estado físico e calor latente de transformaçăo
Cięncias da Natureza e suas Tecnologias;Física;O calor e os fenômenos térmicos;Comportamento de gases ideais
Cięncias da Natureza e suas Tecnologias;Física;O calor e os fenômenos térmicos;Máquinas térmicas
Cięncias da Natureza e suas Tecnologias;Física;O calor e os fenômenos térmicos;Ciclo de Carnot
Cięncias da Natureza e suas Tecnologias;Física;O calor e os fenômenos térmicos;Leis da Termodinâmica
Cięncias da Natureza e suas Tecnologias;Física;O calor e os fenômenos térmicos;Aplicaçőes e fenômenos térmicos de uso cotidiano
Cięncias da Natureza e suas Tecnologias;Física;O calor e os fenômenos térmicos;Compreensăo de fenômenos climáticos relacionados ao ciclo da água
Cięncias da Natureza e suas Tecnologias;Química;Transformaçőes químicas;Evidęncias de transformaçőes químicas
Cięncias da Natureza e suas Tecnologias;Química;Transformaçőes químicas;Interpretando transformaçőes químicas
Cięncias da Natureza e suas Tecnologias;Química;Transformaçőes químicas;Sistemas Gasosos: Lei dos gases
Cięncias da Natureza e suas Tecnologias;Química;Transformaçőes químicas;Equaçăo geral dos gases ideais, Princípio de Avogadro, conceito de molécula
Cięncias da Natureza e suas Tecnologias;Química;Transformaçőes químicas;Massa molar, volume molar dos gases
Cięncias da Natureza e suas Tecnologias;Química;Transformaçőes químicas;Teoria cinética dos gases
Cięncias da Natureza e suas Tecnologias;Química;Transformaçőes químicas;Misturas gasosas
Cięncias da Natureza e suas Tecnologias;Química;Transformaçőes químicas;Modelo corpuscular da matéria
Cięncias da Natureza e suas Tecnologias;Química;Transformaçőes químicas;Modelo atômico de Dalton
Cięncias da Natureza e suas Tecnologias;Química;Transformaçőes químicas;Natureza elétrica da matéria: Modelo Atômico de Thomson, Rutherford, Rutherford-Bohr
Cięncias da Natureza e suas Tecnologias;Química;Transformaçőes químicas;Átomos e sua estrutura
Cięncias da Natureza e suas Tecnologias;Química;Transformaçőes químicas;Número atômico, número de massa, isótopos, massa atômica
Cięncias da Natureza e suas Tecnologias;Química;Transformaçőes químicas;Elementos químicos e Tabela Periódica
Cięncias da Natureza e suas Tecnologias;Química;Transformaçőes químicas;Reaçőes químicas
Cięncias da Natureza e suas Tecnologias;Química;Representaçăo das transformaçőes químicas;Fórmulas químicas
Cięncias da Natureza e suas Tecnologias;Química;Representaçăo das transformaçőes químicas;Balanceamento de equaçőes químicas
Cięncias da Natureza e suas Tecnologias;Química;Representaçăo das transformaçőes químicas;Aspectos quantitativos das transformaçőes químicas
Cięncias da Natureza e suas Tecnologias;Química;Representaçăo das transformaçőes químicas;Leis ponderais das reaçőes químicas
Cięncias da Natureza e suas Tecnologias;Química;Representaçăo das transformaçőes químicas;Determinaçăo de fórmulas químicas
Cięncias da Natureza e suas Tecnologias;Química;Representaçăo das transformaçőes químicas;Grandezas Químicas: massa, volume, mol, massa molar, constante de Avogadro
Cięncias da Natureza e suas Tecnologias;Química;Representaçăo das transformaçőes químicas;Cálculos estequiométricos
Cięncias da Natureza e suas Tecnologias;Química;Materiais, suas propriedades e usos;Propriedades de materiais
Cięncias da Natureza e suas Tecnologias;Química;Materiais, suas propriedades e usos;Estados físicos de materiais
Cięncias da Natureza e suas Tecnologias;Química;Materiais, suas propriedades e usos;Mudanças de estado
Cięncias da Natureza e suas Tecnologias;Química;Materiais, suas propriedades e usos;Misturas: tipos e métodos de separaçăo
Cięncias da Natureza e suas Tecnologias;Química;Materiais, suas propriedades e usos;Substâncias químicas: classificaçăo e características gerais
Cięncias da Natureza e suas Tecnologias;Química;Materiais, suas propriedades e usos;Metais e Ligas metálicas
Cięncias da Natureza e suas Tecnologias;Química;Materiais, suas propriedades e usos;Ferro, cobre e alumínio
Cięncias da Natureza e suas Tecnologias;Química;Materiais, suas propriedades e usos;Ligaçőes metálicas
Cięncias da Natureza e suas Tecnologias;Química;Materiais, suas propriedades e usos;Substâncias iônicas: características e propriedades
Cięncias da Natureza e suas Tecnologias;Química;Materiais, suas propriedades e usos;Substâncias iônicas do grupo: cloreto, carbonato, nitrato e sulfato
Cięncias da Natureza e suas Tecnologias;Química;Materiais, suas propriedades e usos;Ligaçăo iônica
Cięncias da Natureza e suas Tecnologias;Química;Materiais, suas propriedades e usos;Substâncias moleculares: características e propriedades
Cięncias da Natureza e suas Tecnologias;Química;Materiais, suas propriedades e usos;Substâncias moleculares: H?, O?, N?, Cl?, NH?, H?O, HCl, CH?
Cięncias da Natureza e suas Tecnologias;Química;Materiais, suas propriedades e usos;Ligaçăo Covalente
Cięncias da Natureza e suas Tecnologias;Química;Materiais, suas propriedades e usos;Polaridade de moléculas
Cięncias da Natureza e suas Tecnologias;Química;Materiais, suas propriedades e usos;Forças intermoleculares
Cięncias da Natureza e suas Tecnologias;Química;Materiais, suas propriedades e usos;Relaçăo entre estruturas, propriedade e aplicaçăo das substâncias
Cięncias da Natureza e suas Tecnologias;Química;Água;Ocorręncia e importância na vida animal e vegetal
Cięncias da Natureza e suas Tecnologias;Química;Água;Ligaçăo, estrutura e propriedades
Cięncias da Natureza e suas Tecnologias;Química;Água;Sistemas em Soluçăo Aquosa: soluçőes verdadeiras, soluçőes coloidais e suspensőes
Cięncias da Natureza e suas Tecnologias;Química;Água;Solubilidade
Cięncias da Natureza e suas Tecnologias;Química;Água;Concentraçăo das soluçőes
Cięncias da Natureza e suas Tecnologias;Química;Água;Aspectos qualitativos das propriedades coligativas das soluçőes
Cięncias da Natureza e suas Tecnologias;Química;Água;Ácidos, bases, sais e óxidos: definiçăo, classificaçăo, propriedades, formulaçăo e nomenclatura
Cięncias da Natureza e suas Tecnologias;Química;Água;Conceitos de ácidos e base
Cięncias da Natureza e suas Tecnologias;Química;Água;Principais propriedades dos ácidos e bases: indicadores, condutibilidade elétrica, reaçăo com metais, reaçăo de neutralizaçăo
Cięncias da Natureza e suas Tecnologias;Química;Transformaçőes químicas e energia;Transformaçőes químicas e energia calorífica
Cięncias da Natureza e suas Tecnologias;Química;Transformaçőes químicas e energia;Calor de reaçăo
Cięncias da Natureza e suas Tecnologias;Química;Transformaçőes químicas e energia;Entalpia
Cięncias da Natureza e suas Tecnologias;Química;Transformaçőes químicas e energia;Equaçőes termoquímicas
Cięncias da Natureza e suas Tecnologias;Química;Transformaçőes químicas e energia;Lei de Hess
Cięncias da Natureza e suas Tecnologias;Química;Transformaçőes químicas e energia;Transformaçőes químicas e energia elétrica
Cięncias da Natureza e suas Tecnologias;Química;Transformaçőes químicas e energia;Reaçăo de oxirreduçăo
Cięncias da Natureza e suas Tecnologias;Química;Transformaçőes químicas e energia;Potenciais padrăo de reduçăo
Cięncias da Natureza e suas Tecnologias;Química;Transformaçőes químicas e energia;Pilha
Cięncias da Natureza e suas Tecnologias;Química;Transformaçőes químicas e energia;Eletrólise
Cięncias da Natureza e suas Tecnologias;Química;Transformaçőes químicas e energia;Leis de Faraday
Cięncias da Natureza e suas Tecnologias;Química;Transformaçőes químicas e energia;Transformaçőes nucleares
Cięncias da Natureza e suas Tecnologias;Química;Transformaçőes químicas e energia;Conceitos fundamentais da radioatividade
Cięncias da Natureza e suas Tecnologias;Química;Transformaçőes químicas e energia;Reaçőes de fissăo e fusăo nuclear
Cięncias da Natureza e suas Tecnologias;Química;Transformaçőes químicas e energia;Desintegraçăo radioativa e radioisótopos
Cięncias da Natureza e suas Tecnologias;Química;Dinâmica das transformaçőes químicas;Transformaçőes químicas e velocidade
Cięncias da Natureza e suas Tecnologias;Química;Dinâmica das transformaçőes químicas;Velocidade de reaçăo
Cięncias da Natureza e suas Tecnologias;Química;Dinâmica das transformaçőes químicas;Energia de ativaçăo
Cięncias da Natureza e suas Tecnologias;Química;Dinâmica das transformaçőes químicas;Fatores que alteram a velocidade de reaçăo: concentraçăo, pressăo, temperatura e catalisador
Cięncias da Natureza e suas Tecnologias;Química;Transformaçăo Química e Equilíbrio;Caracterizaçăo do sistema em equilíbrio
Cięncias da Natureza e suas Tecnologias;Química;Transformaçăo Química e Equilíbrio;Constante de equilíbrio
Cięncias da Natureza e suas Tecnologias;Química;Transformaçăo Química e Equilíbrio;Produto iônico da água, equilíbrio ácido-base e pH
Cięncias da Natureza e suas Tecnologias;Química;Transformaçăo Química e Equilíbrio;Solubilidade dos sais e hidrólise
Cięncias da Natureza e suas Tecnologias;Química;Transformaçăo Química e Equilíbrio;Fatores que alteram o sistema em equilíbrio
Cięncias da Natureza e suas Tecnologias;Química;Transformaçăo Química e Equilíbrio;Aplicaçăo da velocidade e do equilíbrio químico no cotidiano
Cięncias da Natureza e suas Tecnologias;Química;Compostos de Carbono;Características gerais dos compostos orgânicos
Cięncias da Natureza e suas Tecnologias;Química;Compostos de Carbono;Principais funçőes orgânicas
Cięncias da Natureza e suas Tecnologias;Química;Compostos de Carbono;Estrutura e propriedades de Hidrocarbonetos
Cięncias da Natureza e suas Tecnologias;Química;Compostos de Carbono;Estrutura e propriedades de compostos orgânicos oxigenados
Cięncias da Natureza e suas Tecnologias;Química;Compostos de Carbono;Fermentaçăo
Cięncias da Natureza e suas Tecnologias;Química;Compostos de Carbono;Estrutura e propriedades de compostos orgânicos nitrogenados
Cięncias da Natureza e suas Tecnologias;Química;Compostos de Carbono;Macromoléculas naturais e sintéticas
Cięncias da Natureza e suas Tecnologias;Química;Compostos de Carbono;Noçőes básicas sobre polímeros
Cięncias da Natureza e suas Tecnologias;Química;Compostos de Carbono;Amido, glicogęnio e celulose
Cięncias da Natureza e suas Tecnologias;Química;Compostos de Carbono;Borracha natural e sintética
Cięncias da Natureza e suas Tecnologias;Química;Compostos de Carbono;Polietileno, poliestireno, PVC, Teflon, náilon
Cięncias da Natureza e suas Tecnologias;Química;Compostos de Carbono;Óleos e gorduras, sabőes e detergentes sintéticos
Cięncias da Natureza e suas Tecnologias;Química;Compostos de Carbono;Proteínas e enzimas
Cięncias da Natureza e suas Tecnologias;Química;Relaçőes da Química com as tecnologias, a sociedade e o meio ambiente;Química no cotidiano
Cięncias da Natureza e suas Tecnologias;Química;Relaçőes da Química com as tecnologias, a sociedade e o meio ambiente;Química na agricultura e na saúde
Cięncias da Natureza e suas Tecnologias;Química;Relaçőes da Química com as tecnologias, a sociedade e o meio ambiente;Química nos alimentos
Cięncias da Natureza e suas Tecnologias;Química;Relaçőes da Química com as tecnologias, a sociedade e o meio ambiente;Química e ambiente
Cięncias da Natureza e suas Tecnologias;Química;Relaçőes da Química com as tecnologias, a sociedade e o meio ambiente;Aspectos científico-tecnológicos, socioeconômicos e ambientais associados ŕ obtençăo ou produçăo de substâncias químicas
Cięncias da Natureza e suas Tecnologias;Química;Relaçőes da Química com as tecnologias, a sociedade e o meio ambiente;Indústria química: obtençăo e utilizaçăo do cloro, hidróxido de sódio, ácido sulfúrico, amônia e ácido nítrico
Cięncias da Natureza e suas Tecnologias;Química;Relaçőes da Química com as tecnologias, a sociedade e o meio ambiente;Mineraçăo e metalurgia
Cięncias da Natureza e suas Tecnologias;Química;Relaçőes da Química com as tecnologias, a sociedade e o meio ambiente;Poluiçăo e tratamento de água
Cięncias da Natureza e suas Tecnologias;Química;Relaçőes da Química com as tecnologias, a sociedade e o meio ambiente;Poluiçăo atmosférica
Cięncias da Natureza e suas Tecnologias;Química;Relaçőes da Química com as tecnologias, a sociedade e o meio ambiente;Contaminaçăo e proteçăo do ambiente
Cięncias da Natureza e suas Tecnologias;Química;Energias químicas no cotidiano;Petróleo, gás natural e carvăo
Cięncias da Natureza e suas Tecnologias;Química;Energias químicas no cotidiano;Madeira e hulha
Cięncias da Natureza e suas Tecnologias;Química;Energias químicas no cotidiano;Biomassa
Cięncias da Natureza e suas Tecnologias;Química;Energias químicas no cotidiano;Biocombustíveis
Cięncias da Natureza e suas Tecnologias;Química;Energias químicas no cotidiano;Impactos ambientais de combustíveis fósseis
Cięncias da Natureza e suas Tecnologias;Química;Energias químicas no cotidiano;Energia nuclear
Cięncias da Natureza e suas Tecnologias;Química;Energias químicas no cotidiano;Lixo atômico
Cięncias da Natureza e suas Tecnologias;Química;Energias químicas no cotidiano;Vantagens e desvantagens do uso de energia nuclear
Cięncias da Natureza e suas Tecnologias;Biologia;Moléculas, células e tecidos;Estrutura e fisiologia celular: membrana, citoplasma e núcleo
Cięncias da Natureza e suas Tecnologias;Biologia;Moléculas, células e tecidos;Divisăo celular
Cięncias da Natureza e suas Tecnologias;Biologia;Moléculas, células e tecidos;Aspectos bioquímicos das estruturas celulares
Cięncias da Natureza e suas Tecnologias;Biologia;Moléculas, células e tecidos;Aspectos gerais do metabolismo celular
Cięncias da Natureza e suas Tecnologias;Biologia;Moléculas, células e tecidos;Metabolismo energético: fotossíntese e respiraçăo
Cięncias da Natureza e suas Tecnologias;Biologia;Moléculas, células e tecidos;Codificaçăo da informaçăo genética
Cięncias da Natureza e suas Tecnologias;Biologia;Moléculas, células e tecidos;Síntese proteica
Cięncias da Natureza e suas Tecnologias;Biologia;Moléculas, células e tecidos;Diferenciaçăo celular
Cięncias da Natureza e suas Tecnologias;Biologia;Moléculas, células e tecidos;Principais tecidos animais e vegetais
Cięncias da Natureza e suas Tecnologias;Biologia;Moléculas, células e tecidos;Origem e evoluçăo das células
Cięncias da Natureza e suas Tecnologias;Biologia;Moléculas, células e tecidos;Noçőes sobre células-tronco, clonagem e tecnologia do DNA recombinante
Cięncias da Natureza e suas Tecnologias;Biologia;Moléculas, células e tecidos;Aplicaçőes de biotecnologia na produçăo de alimentos, fármacos e componentes biológicos
Cięncias da Natureza e suas Tecnologias;Biologia;Moléculas, células e tecidos;Aplicaçőes de tecnologias relacionadas ao DNA a investigaçőes científicas, determinaçăo da paternidade, investigaçăo criminal e identificaçăo de indivíduos
Cięncias da Natureza e suas Tecnologias;Biologia;Moléculas, células e tecidos;Aspectos éticos relacionados ao desenvolvimento biotecnológico
Cięncias da Natureza e suas Tecnologias;Biologia;Moléculas, células e tecidos;Biotecnologia e sustentabilidade
Cięncias da Natureza e suas Tecnologias;Biologia;Hereditariedade e diversidade da vida;Princípios básicos que regem a transmissăo de características hereditárias
Cięncias da Natureza e suas Tecnologias;Biologia;Hereditariedade e diversidade da vida;Concepçőes pré-mendelianas sobre a hereditariedade
Cięncias da Natureza e suas Tecnologias;Biologia;Hereditariedade e diversidade da vida;Aspectos genéticos do funcionamento do corpo humano
Cięncias da Natureza e suas Tecnologias;Biologia;Hereditariedade e diversidade da vida;Antígenos e anticorpos
Cięncias da Natureza e suas Tecnologias;Biologia;Hereditariedade e diversidade da vida;Grupos sanguíneos, transplantes e doenças autoimunes
Cięncias da Natureza e suas Tecnologias;Biologia;Hereditariedade e diversidade da vida;Neoplasias e a influęncia de fatores ambientais
Cięncias da Natureza e suas Tecnologias;Biologia;Hereditariedade e diversidade da vida;Mutaçőes gęnicas e cromossômicas
Cięncias da Natureza e suas Tecnologias;Biologia;Hereditariedade e diversidade da vida;Aconselhamento genético
Cięncias da Natureza e suas Tecnologias;Biologia;Hereditariedade e diversidade da vida;Fundamentos genéticos da evoluçăo
Cięncias da Natureza e suas Tecnologias;Biologia;Hereditariedade e diversidade da vida;Aspectos genéticos da formaçăo e manutençăo da diversidade biológica
Cięncias da Natureza e suas Tecnologias;Biologia;Identidade dos seres vivos;Níveis de organizaçăo dos seres vivos
Cięncias da Natureza e suas Tecnologias;Biologia;Identidade dos seres vivos;Vírus, procariontes e eucariontes
Cięncias da Natureza e suas Tecnologias;Biologia;Identidade dos seres vivos;Autótrofos e heterótrofos
Cięncias da Natureza e suas Tecnologias;Biologia;Identidade dos seres vivos;Seres unicelulares e pluricelulares
Cięncias da Natureza e suas Tecnologias;Biologia;Identidade dos seres vivos;Sistemática e as grandes linhas da evoluçăo dos seres vivos
Cięncias da Natureza e suas Tecnologias;Biologia;Identidade dos seres vivos;Tipos de ciclo de vida
Cięncias da Natureza e suas Tecnologias;Biologia;Identidade dos seres vivos;Evoluçăo e padrőes anatômicos e fisiológicos observados nos seres vivos
Cięncias da Natureza e suas Tecnologias;Biologia;Identidade dos seres vivos;Funçőes vitais dos seres vivos e sua relaçăo com a adaptaçăo desses organismos a diferentes ambientes
Cięncias da Natureza e suas Tecnologias;Biologia;Identidade dos seres vivos;Embriologia, anatomia e fisiologia humana
Cięncias da Natureza e suas Tecnologias;Biologia;Identidade dos seres vivos;Evoluçăo humana
Cięncias da Natureza e suas Tecnologias;Biologia;Identidade dos seres vivos;Biotecnologia e sistemática
Cięncias da Natureza e suas Tecnologias;Biologia;Ecologia e cięncias ambientais;Ecossistemas
Cięncias da Natureza e suas Tecnologias;Biologia;Ecologia e cięncias ambientais;Fatores bióticos e abióticos
Cięncias da Natureza e suas Tecnologias;Biologia;Ecologia e cięncias ambientais;Habitat e nicho ecológico
Cięncias da Natureza e suas Tecnologias;Biologia;Ecologia e cięncias ambientais;Comunidade biológica: teia alimentar, sucessăo e comunidade clímax
Cięncias da Natureza e suas Tecnologias;Biologia;Ecologia e cięncias ambientais;Dinâmica de populaçőes
Cięncias da Natureza e suas Tecnologias;Biologia;Ecologia e cięncias ambientais;Interaçőes entre os seres vivos
Cięncias da Natureza e suas Tecnologias;Biologia;Ecologia e cięncias ambientais;Ciclos biogeoquímicos
Cięncias da Natureza e suas Tecnologias;Biologia;Ecologia e cięncias ambientais;Fluxo de energia no ecossistema
Cięncias da Natureza e suas Tecnologias;Biologia;Ecologia e cięncias ambientais;Biogeografia
Cięncias da Natureza e suas Tecnologias;Biologia;Ecologia e cięncias ambientais;Biomas brasileiros
Cięncias da Natureza e suas Tecnologias;Biologia;Ecologia e cięncias ambientais;Exploraçăo e uso de recursos naturais
Cięncias da Natureza e suas Tecnologias;Biologia;Ecologia e cięncias ambientais;Problemas ambientais: mudanças climáticas, efeito estufa, desmatamento, erosăo, poluiçăo da água, do solo e do ar
Cięncias da Natureza e suas Tecnologias;Biologia;Ecologia e cięncias ambientais;Conservaçăo e recuperaçăo de ecossistemas
Cięncias da Natureza e suas Tecnologias;Biologia;Ecologia e cięncias ambientais;Conservaçăo da biodiversidade
Cięncias da Natureza e suas Tecnologias;Biologia;Ecologia e cięncias ambientais;Tecnologias ambientais
Cięncias da Natureza e suas Tecnologias;Biologia;Ecologia e cięncias ambientais;Noçőes de saneamento básico
Cięncias da Natureza e suas Tecnologias;Biologia;Ecologia e cięncias ambientais;Noçőes de legislaçăo ambiental: água, florestas, unidades de conservaçăo, biodiversidade
Cięncias da Natureza e suas Tecnologias;Biologia;Origem e evoluçăo da vida;Biologia como cięncia: história, métodos, técnicas e experimentaçăo
Cięncias da Natureza e suas Tecnologias;Biologia;Origem e evoluçăo da vida;Hipóteses sobre a origem do Universo, da Terra e dos seres vivos
Cięncias da Natureza e suas Tecnologias;Biologia;Origem e evoluçăo da vida;Teorias de evoluçăo
Cięncias da Natureza e suas Tecnologias;Biologia;Origem e evoluçăo da vida;Explicaçőes pré-darwinistas para a modificaçăo das espécies
Cięncias da Natureza e suas Tecnologias;Biologia;Origem e evoluçăo da vida;Teoria evolutiva de Charles Darwin
Cięncias da Natureza e suas Tecnologias;Biologia;Origem e evoluçăo da vida;Teoria sintética da evoluçăo
Cięncias da Natureza e suas Tecnologias;Biologia;Origem e evoluçăo da vida;Seleçăo artificial e seu impacto sobre ambientes naturais e sobre populaçőes humanas
Cięncias da Natureza e suas Tecnologias;Biologia;Qualidade de vida das populaçőes humanas;Aspectos biológicos da pobreza e do desenvolvimento humano
Cięncias da Natureza e suas Tecnologias;Biologia;Qualidade de vida das populaçőes humanas;Indicadores sociais, ambientais e econômicos. Índice de desenvolvimento humano
Cięncias da Natureza e suas Tecnologias;Biologia;Qualidade de vida das populaçőes humanas;Principais doenças que afetam a populaçăo brasileira: caracterizaçăo, prevençăo e profilaxia
Cięncias da Natureza e suas Tecnologias;Biologia;Qualidade de vida das populaçőes humanas;Noçőes de primeiros socorros
Cięncias da Natureza e suas Tecnologias;Biologia;Qualidade de vida das populaçőes humanas;Infecçőes Sexualmente Transmissíveis
Cięncias da Natureza e suas Tecnologias;Biologia;Qualidade de vida das populaçőes humanas;Aspectos sociais da biologia: uso indevido de drogas, gravidez na adolescęncia, obesidade
Cięncias da Natureza e suas Tecnologias;Biologia;Qualidade de vida das populaçőes humanas;Violęncia e segurança pública
Cięncias da Natureza e suas Tecnologias;Biologia;Qualidade de vida das populaçőes humanas;Exercícios físicos e vida saudável
Cięncias da Natureza e suas Tecnologias;Biologia;Qualidade de vida das populaçőes humanas;Aspectos biológicos do desenvolvimento sustentável
Cięncias da Natureza e suas Tecnologias;Biologia;Qualidade de vida das populaçőes humanas;Legislaçăo e cidadania
Cięncias Humanas e suas Tecnologias;;Diversidade cultural, conflitos e vida em sociedade;Cultura material e imaterial: patrimônio e diversidade cultural no Brasil
Cięncias Humanas e suas Tecnologias;;Diversidade cultural, conflitos e vida em sociedade;A Conquista da América: conflitos entre europeus e indígenas na América colonial
Cięncias Humanas e suas Tecnologias;;Diversidade cultural, conflitos e vida em sociedade;A escravidăo e as formas de resistęncia indígena e africana na América
Cięncias Humanas e suas Tecnologias;;Diversidade cultural, conflitos e vida em sociedade;História cultural dos povos africanos: a luta dos negros no Brasil e o negro na formaçăo da sociedade brasileira
Cięncias Humanas e suas Tecnologias;;Diversidade cultural, conflitos e vida em sociedade;História dos povos indígenas e a formaçăo sócio-cultural brasileira
Cięncias Humanas e suas Tecnologias;;Diversidade cultural, conflitos e vida em sociedade;Movimentos culturais no mundo ocidental e seus impactos na vida política e social
Cięncias Humanas e suas Tecnologias;;Formas de organizaçăo social, movimentos sociais, pensamento político e açăo do Estado;Cidadania e democracia na Antiguidade
Cięncias Humanas e suas Tecnologias;;Formas de organizaçăo social, movimentos sociais, pensamento político e açăo do Estado;Estado e direitos do cidadăo a partir da Idade Moderna
Cięncias Humanas e suas Tecnologias;;Formas de organizaçăo social, movimentos sociais, pensamento político e açăo do Estado;Democracia direta, indireta e representativa
Cięncias Humanas e suas Tecnologias;;Formas de organizaçăo social, movimentos sociais, pensamento político e açăo do Estado;Revoluçőes sociais e políticas na Europa Moderna
Cięncias Humanas e suas Tecnologias;;Formas de organizaçăo social, movimentos sociais, pensamento político e açăo do Estado;Formaçăo territorial brasileira
Cięncias Humanas e suas Tecnologias;;Formas de organizaçăo social, movimentos sociais, pensamento político e açăo do Estado;Regiőes brasileiras
Cięncias Humanas e suas Tecnologias;;Formas de organizaçăo social, movimentos sociais, pensamento político e açăo do Estado;Políticas de reordenamento territorial
Cięncias Humanas e suas Tecnologias;;Formas de organizaçăo social, movimentos sociais, pensamento político e açăo do Estado;Lutas pela conquista da independęncia política das colônias da América
Cięncias Humanas e suas Tecnologias;;Formas de organizaçăo social, movimentos sociais, pensamento político e açăo do Estado;Grupos sociais em conflito no Brasil imperial e a construçăo da naçăo
Cięncias Humanas e suas Tecnologias;;Formas de organizaçăo social, movimentos sociais, pensamento político e açăo do Estado;Desenvolvimento do pensamento liberal na sociedade capitalista e seus críticos nos séculos XIX e XX
Cięncias Humanas e suas Tecnologias;;Formas de organizaçăo social, movimentos sociais, pensamento político e açăo do Estado;Políticas de colonizaçăo, migraçăo, imigraçăo e emigraçăo no Brasil nos séculos XIX e XX
Cięncias Humanas e suas Tecnologias;;Formas de organizaçăo social, movimentos sociais, pensamento político e açăo do Estado;Atuaçăo dos grupos sociais e os grandes processos revolucionários do século XX: Revoluçăo Bolchevique, Revoluçăo Chinesa, Revoluçăo Cubana
Cięncias Humanas e suas Tecnologias;;Formas de organizaçăo social, movimentos sociais, pensamento político e açăo do Estado;Geopolítica e conflitos entre os séculos XIX e XX: Imperialismo, a ocupaçăo da Ásia e da África, as Guerras Mundiais e a Guerra Fria
Cięncias Humanas e suas Tecnologias;;Formas de organizaçăo social, movimentos sociais, pensamento político e açăo do Estado;Sistemas totalitários na Europa do século XX: nazifascista, franquismo, salazarismo e stalinismo
Cięncias Humanas e suas Tecnologias;;Formas de organizaçăo social, movimentos sociais, pensamento político e açăo do Estado;Ditaduras políticas na América Latina: Estado Novo no Brasil e ditaduras na América
Cięncias Humanas e suas Tecnologias;;Formas de organizaçăo social, movimentos sociais, pensamento político e açăo do Estado;Conflitos político-culturais pós-Guerra Fria, reorganizaçăo política internacional e os organismos multilaterais nos séculos XX e XXI
Cięncias Humanas e suas Tecnologias;;Formas de organizaçăo social, movimentos sociais, pensamento político e açăo do Estado;Luta pela conquista de direitos pelos cidadăos: direitos civis, humanos, políticos e sociais
Cięncias Humanas e suas Tecnologias;;Formas de organizaçăo social, movimentos sociais, pensamento político e açăo do Estado;Direitos sociais nas constituiçőes brasileiras
Cięncias Humanas e suas Tecnologias;;Formas de organizaçăo social, movimentos sociais, pensamento político e açăo do Estado;Políticas afirmativas
Cięncias Humanas e suas Tecnologias;;Formas de organizaçăo social, movimentos sociais, pensamento político e açăo do Estado;Vida urbana: redes e hierarquia nas cidades, pobreza e segregaçăo espacial
Cięncias Humanas e suas Tecnologias;;Características e transformaçőes das estruturas produtivas;Diferentes formas de organizaçăo da produçăo: escravismo antigo, feudalismo, capitalismo, socialismo e suas diferentes experięncias
Cięncias Humanas e suas Tecnologias;;Características e transformaçőes das estruturas produtivas;Economia agroexportadora brasileira: complexo açucareiro, mineraçăo no período colonial, economia cafeeira e borracha na Amazônia
Cięncias Humanas e suas Tecnologias;;Características e transformaçőes das estruturas produtivas;Revoluçăo Industrial: criaçăo do sistema de fábrica na Europa e transformaçőes no processo de produçăo
Cięncias Humanas e suas Tecnologias;;Características e transformaçőes das estruturas produtivas;Formaçăo do espaço urbano-industrial
Cięncias Humanas e suas Tecnologias;;Características e transformaçőes das estruturas produtivas;Transformaçőes na estrutura produtiva no século XX: fordismo, toyotismo, novas técnicas de produçăo e seus impactos
Cięncias Humanas e suas Tecnologias;;Características e transformaçőes das estruturas produtivas;Industrializaçăo brasileira, urbanizaçăo e transformaçőes sociais e trabalhistas
Cięncias Humanas e suas Tecnologias;;Características e transformaçőes das estruturas produtivas;Globalizaçăo e novas tecnologias de telecomunicaçăo e suas consequęncias econômicas, políticas e sociais
Cięncias Humanas e suas Tecnologias;;Características e transformaçőes das estruturas produtivas;Produçăo e transformaçăo dos espaços agrários
Cięncias Humanas e suas Tecnologias;;Características e transformaçőes das estruturas produtivas;Modernizaçăo da agricultura e estruturas agrárias tradicionais
Cięncias Humanas e suas Tecnologias;;Características e transformaçőes das estruturas produtivas;Agronegócio, agricultura familiar, assalariados do campo e lutas sociais no campo
Cięncias Humanas e suas Tecnologias;;Características e transformaçőes das estruturas produtivas;Relaçăo campo-cidade
Cięncias Humanas e suas Tecnologias;;Os domínios naturais e a relaçăo do ser humano com o ambiente;Relaçăo homem-natureza e a apropriaçăo dos recursos naturais pelas sociedades ao longo do tempo
Cięncias Humanas e suas Tecnologias;;Os domínios naturais e a relaçăo do ser humano com o ambiente;Impacto ambiental das atividades econômicas no Brasil
Cięncias Humanas e suas Tecnologias;;Os domínios naturais e a relaçăo do ser humano com o ambiente;Recursos minerais e energéticos: exploraçăo e impactos
Cięncias Humanas e suas Tecnologias;;Os domínios naturais e a relaçăo do ser humano com o ambiente;Recursos hídricos
Cięncias Humanas e suas Tecnologias;;Os domínios naturais e a relaçăo do ser humano com o ambiente;Bacias hidrográficas e seus aproveitamentos
Cięncias Humanas e suas Tecnologias;;Os domínios naturais e a relaçăo do ser humano com o ambiente;Questőes ambientais contemporâneas: mudança climática, ilhas de calor, efeito estufa, chuva ácida, destruiçăo da camada de ozônio
Cięncias Humanas e suas Tecnologias;;Os domínios naturais e a relaçăo do ser humano com o ambiente;Nova ordem ambiental internacional
Cięncias Humanas e suas Tecnologias;;Os domínios naturais e a relaçăo do ser humano com o ambiente;Políticas territoriais ambientais
Cięncias Humanas e suas Tecnologias;;Os domínios naturais e a relaçăo do ser humano com o ambiente;Uso e conservaçăo dos recursos naturais, unidades de conservaçăo, corredores ecológicos, zoneamento ecológico e econômico
Cięncias Humanas e suas Tecnologias;;Os domínios naturais e a relaçăo do ser humano com o ambiente;Origem e evoluçăo do conceito de sustentabilidade
Cięncias Humanas e suas Tecnologias;;Os domínios naturais e a relaçăo do ser humano com o ambiente;Estrutura interna da terra
Cięncias Humanas e suas Tecnologias;;Os domínios naturais e a relaçăo do ser humano com o ambiente;Estruturas do solo e do relevo
Cięncias Humanas e suas Tecnologias;;Os domínios naturais e a relaçăo do ser humano com o ambiente;Agentes internos e externos modeladores do relevo
Cięncias Humanas e suas Tecnologias;;Os domínios naturais e a relaçăo do ser humano com o ambiente;Situaçăo geral da atmosfera e classificaçăo climática
Cięncias Humanas e suas Tecnologias;;Os domínios naturais e a relaçăo do ser humano com o ambiente;Características climáticas do território brasileiro
Cięncias Humanas e suas Tecnologias;;Os domínios naturais e a relaçăo do ser humano com o ambiente;Grandes domínios da vegetaçăo no Brasil e no mundo
Cięncias Humanas e suas Tecnologias;;Representaçăo espacial;"Projeçőes cartográficas; leitura de mapas temáticos, físicos e políticos; tecnologias modernas aplicadas ŕ cartografia"
